[ 
  { 
    "usuario" : "Maria de Lourdes",
    "numestrelas" : 4, 
    "data" : "25 de novembro de 2024", 
    "texto" : "Bicicleta top, chegou bem embalada e vendedor foi rápido.", 
    "imgs" : [ 
               { 
                 "imgico" : "https://cdn.shopify.com/s/files/1/0623/5029/5189/files/bike2_50x50.webp",
                 "imgbig" : "https://cdn.shopify.com/s/files/1/0623/5029/5189/files/bike2_500x500.webp" 
               },
               { "imgico" : "https://cdn.shopify.com/s/files/1/0623/5029/5189/files/bike1_18c5c23a-ceeb-426c-b644-b26c68cc6808_50x50.webp", 
                 "imgbig" : "https://cdn.shopify.com/s/files/1/0623/5029/5189/files/bike1_18c5c23a-ceeb-426c-b644-b26c68cc6808_500x500.webp" 
               }
            ] 
  },
  { 
    "usuario" : "Letícia Junqueira", 
    "numestrelas" : 1, 
    "data" : "20 de outubro de 2024", 
    "texto" : "Produto conforme auniciado, que pena que chegou arranhada.",
    "imgs" : [
               {
                 "imgico" : "https://cdn.shopify.com/s/files/1/0623/5029/5189/files/bike1_50x50.webp",
                 "imgbig" : "https://cdn.shopify.com/s/files/1/0623/5029/5189/files/bike1_500x500.webp" 
               }
             ] 
  },
  {
    "usuario" : "Wanderson Lima", 
    "numestrelas" : 3, 
    "data" : "02 de janeiro de 2024", 
    "texto" : "Produto bem embalado e qualidade razoável.",
    "imgs" : [] 
  }
]